AAPL,Apple Inc,Information Technology,USA,98.41
MSFT,Microsoft Corp,Information Technology,USA,93.68
GOOG,Alphabet Inc Class C,Communication Services,USA,99.51
GOOGL,Alphabet Inc Class A,Communication Services,USA,99.57
AMZN,Amazon-Com Inc-,Consumer Discretionary,USA,99.75
TSLA,Tesla Inc,Consumer Discretionary,USA,61.57
BRK-B,Berkshire Hathaway Inc- Class B,Financials,USA,100.0
NVDA,Nvidia Corp,Information Technology,USA,92.86
FB,Facebook Inc Class A,Communication Services,USA,98.32
V,Visa Inc Class A,Information Technology,USA,99.18
JPM,JP Morgan Chase & Co,Financials,USA,94.12
UNH,Unitedhealth Group Inc,Health Care,USA,98.81
JNJ,Johnson & Johnson,Health Care,USA,91.86
PG,Procter & Gamble,Consumer Staples,USA,93.88
WMT,Walmart Stores Inc,Consumer Staples,USA,93.84
BAC,Bank of America Corp,Financials,USA,92.98
HD,Home Depot Inc,Consumer Discretionary,USA,98.26
MA,Mastercard Inc Class A,Information Technology,USA,98.73
XOM,Exxon Mobil Corp,Energy,USA,61.43
DIS,Walt Disney,Communication Services,USA,96.41
PFE,Pfizer Inc,Health Care,USA,96.63
KO,Coca-Cola,Consumer Staples,USA,94.05
CVX,Chevron Corp,Energy,USA,94.37
ABBV,Abbvie Inc,Health Care,USA,93.58
AVGO,Broadcom Inc-,Information Technology,USA,100.0
CSCO,Cisco Systems Inc,Information Technology,USA,93.94
WFC,Wells Fargo,Financials,USA,77.24
PEP,Pepsico Inc,Consumer Staples,USA,93.24
LLY,Eli Lilly,Health Care,USA,83.46
COST,Costco Wholesale Corp,Consumer Staples,USA,99.42
VZ,Verizon Communications Inc,Communication Services,USA,95.83
NKE,Nike Inc Class B,Consumer Discretionary,USA,98.29
ADBE,Adobe Inc,Information Technology,USA,98.07
ABT,Abbott Laboratories,Health Care,USA,97.18
TMO,Thermo Fisher Scientific Inc,Health Care,USA,100.0
ACN,Accenture Plc Class A,Information Technology,USA,95.2
CMCSA,Comcast A Corp,Communication Services,USA,98.67
ORCL,Oracle Corp,Information Technology,USA,95.77
CRM,Salesforce-Com Inc,Information Technology,USA,97.93
INTC,Intel Corporation Corp,Information Technology,USA,79.4
MRK,Merck & Co Inc,Health Care,USA,98.06
DHR,Danaher Corp,Health Care,USA,99.1
QCOM,Qualcomm Inc,Information Technology,USA,96.41
MCD,Mcdonalds Corp,Consumer Discretionary,USA,100.0
UPS,United Parcel Service Inc Class B,Industrials,USA,81.98
PM,Philip Morris International Inc,Consumer Staples,USA,92.19
MS,Morgan Stanley,Financials,USA,93.59
NFLX,Netflix Inc,Communication Services,USA,85.19
T,AT&T Inc-,Communication Services,USA,91.95
SCHW,Charles Schwab Corporation,Financials,USA,90.14
UNP,Union Pacific Corp,Industrials,USA,95.86
TMUS,T Mobile US Inc,Communication Services,USA,97.48
TXN,Texas Instrument Inc,Information Technology,USA,75.0
LOW,Lowes Companies Inc,Consumer Discretionary,USA,98.36
AXP,American Express,Financials,USA,75.68
NEE,Nextera Energy Inc,Utilities,USA,100.0
BMY,Bristol Myers Squibb,Health Care,USA,91.03
RTX,Raytheon Technologies Corporation,Industrials,USA,100.0
MDT,Medtronic Plc,Health Care,USA,99.38
INTU,Intuit Inc,Information Technology,USA,92.44
AMD,Advanced Micro Devices Inc,Information Technology,USA,82.99
CVS,CVS Health Corp,Health Care,USA,100.0
C,Citigroup Inc,Financials,USA,100.0
HON,Honeywell International Inc,Industrials,USA,100.0
AMGN,Amgen Inc,Health Care,USA,97.56
BA,Boeing,Industrials,USA,87.4
PYPL,Paypal Holdings Inc,Information Technology,USA,97.53
AMAT,Applied Material Inc,Information Technology,USA,97.91
COP,ConocoPhillips,Energy,USA,91.25
DE,Deere & Company,Industrials,USA,82.39
GS,Goldman Sachs Group Inc,Financials,USA,89.52
BLK,Blackrock Inc,Financials,USA,100.0
NOW,Servicenow Inc,Information Technology,USA,99.14
IBM,International Business Machines Co,Information Technology,USA,80.52
EL,Estee Lauder Inc Class A,Consumer Staples,USA,97.08
ANTM,Anthem Inc,Health Care,USA,100.0
GE,General Electric,Industrials,USA,88.04
BKNG,Booking Holdings Inc,Consumer Discretionary,USA,98.48
CHTR,Charter Communications Inc Class A,Communication Services,USA,95.45
SBUX,Starbucks Corp,Consumer Discretionary,USA,100.0
LMT,Lockheed Martin Corp,Industrials,USA,91.25
MU,Micron Technology Inc,Information Technology,USA,92.98
CAT,Caterpillar Inc,Industrials,USA,81.41
ISRG,Intuitive Surgical Inc,Health Care,USA,90.24
TGT,Target Corp,Consumer Discretionary,USA,88.1
SYK,Stryker Corp,Health Care,USA,93.55
MO,Altria Group Inc,Consumer Staples,USA,90.91
MDLZ,Mondelez International Inc,Consumer Staples,USA,97.4
SPGI,S&P Global Inc,Financials,USA,100.0
ZTS,Zoetis Inc,Health Care,USA,92.96
CB,Chubb Ltd,Financials,USA,80.68
CME,CME Group Inc Class A,Financials,USA,80.95
PNC,"PNC Financial Services Group, Inc-",Financials,USA,92.0
MMM,3M,Industrials,USA,56.82
USB,US Bancorp,Financials,USA,67.47
BX,Blackstone Group Inc- Class A,Financials,USA,100.0
ADP,Automatic Data Processing Inc,Information Technology,USA,81.82
ADI,Analog Devices Inc,Information Technology,USA,97.74
TFC,Truist Financial Corporation,Financials,USA,94.12
SNOW,Snowflake Inc- Class A,Information Technology,USA,94.29
LRCX,Lam Research Corp,Information Technology,USA,96.7
HCA,"HCA Healthcare, Inc-",Health Care,USA,95.42
TJX,"TJX Companies, Inc-",Consumer Discretionary,USA,98.56
CSX,CSX Corp,Industrials,USA,87.42
GILD,Gilead Sciences Inc,Health Care,USA,94.44
TEAM,Atlassian Plc Class A,Information Technology,United Kingdom,98.75
MMC,Marsh & McLennan Inc,Financials,USA,89.23
DUK,Duke Energy Corp,Utilities,USA,87.23
BDX,Becton Dickinson,Health Care,USA,87.72
CI,Cigna Corp,Health Care,USA,98.58
GM,General Motors,Consumer Discretionary,USA,95.62
SHW,Sherwin Williams,Materials,USA,95.04
NSC,Norfolk Southern Corp,Industrials,USA,74.45
ICE,Intercontinental Exchange Inc,Financials,USA,100.0
F,Ford Motor Company,Consumer Discretionary,USA,88.42
SO,Southern Co,Utilities,USA,41.3
ITW,Illinois Tool Inc,Industrials,USA,63.74
EW,Edwards Lifesciences Corp,Health Care,USA,93.44
CL,Colgate-Palmolive,Consumer Staples,USA,86.79
UBER,"Uber Technologies, Inc-",Industrials,USA,100.0
REGN,Regeneron Pharmaceuticals Inc,Health Care,USA,95.33
EOG,EOG Resources Inc,Energy,USA,96.71
COF,Capital One Financial Corp,Financials,USA,94.53
D,Dominion Energy Inc,Utilities,USA,94.83
ATVI,Activision Blizzard Inc,Communication Services,USA,98.35
FCX,"Freeport-McMoRan, Inc-",Materials,USA,82.73
FISV,Fiserv Inc,Information Technology,USA,94.44
NOC,Northrop Grumman Corp,Industrials,USA,89.47
AON,Aon Plc,Financials,USA,90.91
PGR,Progressive Corp,Financials,USA,56.63
BSX,Boston Scientific Corp,Health Care,USA,99.07
ETN,"Eaton Corporation, PLC",Industrials,USA,95.35
MCO,Moodys Corp,Financials,USA,90.28
GD,General Dynamics Corp,Industrials,USA,79.57
FDX,FedEx Corporation,Industrials,USA,97.49
FIS,Fidelity National Information Services,Information Technology,USA,99.12
MRNA,"Moderna, Inc-",Health Care,USA,85.11
WM,Waste Management Inc,Industrials,USA,90.77
VRTX,Vertex Pharmaceuticals Inc,Health Care,USA,96.6
MET,Metlife Inc,Financials,USA,97.78
MAR,Marriott International Inc,Consumer Discretionary,USA,93.75
RIVN,"Rivian Automotive, Inc- Class A",Consumer Discretionary,USA,100.0
SLB,Schlumberger Nv,Energy,USA,96.93
MRVL,Marvell Technology Group Ltd,Information Technology,USA,100.0
PXD,Pioneer Natural Resource,Energy,USA,94.55
EMR,Emerson Electric,Industrials,USA,89.58
KLAC,KLA-Tencor Corporation,Information Technology,USA,93.0
HUM,Humana Inc,Health Care,USA,93.91
NEM,Newmont Corporation,Materials,USA,93.06
KDP,Keurig Dr Pepper Inc-,Consumer Staples,USA,88.24
APD,Air Products And Chemicals Inc,Materials,USA,96.36
VMW,VMWare Inc Class A,Information Technology,USA,96.43
SCCO,Southern Copper Corp,Materials,Peru,61.54
ECL,Ecolab Inc,Materials,USA,90.77
AIG,American International Group Inc,Financials,USA,96.51
FTNT,Fortinet Inc,Information Technology,USA,91.72
NXPI,NXP Semiconductors Nv,Information Technology,The Netherlands,97.14
ILMN,Illumina Inc,Health Care,USA,82.35
PANW,Palo Alto Networks Inc,Information Technology,USA,97.31
ADSK,Autodesk Inc,Information Technology,USA,92.75
XLNX,Xilinx Inc,Information Technology,USA,92.08
CNC,Centene Corp,Health Care,USA,93.79
MPC,Marathon Petroleum Corp,Energy,USA,97.64
BK,Bank Of New York Mellon Corp,Financials,USA,75.58
JCI,Johnson Controls International Plc,Industrials,USA,94.79
KHC,Kraft Heinz,Consumer Staples,USA,77.36
ROP,Roper Technologies Inc,Industrials,USA,92.59
DG,Dollar General Corp,Consumer Discretionary,USA,96.99
INFO,IHS Markit Ltd,Industrials,USA,81.36
ORLY,Oreilly Automotive Inc,Consumer Discretionary,USA,96.88
APH,Amphenol Corp,Information Technology,USA,97.5
CTSH,Cognizant Technology Solutions,Information Technology,USA,87.69
DOW,Dow Inc-,Materials,USA,86.11
SNPS,Synopsys Inc,Information Technology,USA,97.53
KMB,Kimberly Clark Corp,Consumer Staples,USA,50.0
SQ,Square Inc Class A,Information Technology,USA,93.48
MNST,Monster Beverage Corp,Consumer Staples,USA,95.54
LHX,"L3Harris Technologies, Inc-",Industrials,USA,97.14
SRE,Sempra Energy,Utilities,USA,100.0
SYY,Sysco Corp,Consumer Staples,USA,76.67
MSCI,MSCI Inc,Financials,USA,89.74
PRU,Prudential Financial Inc,Financials,USA,94.81
IQV,"IQVIA Holdings, Inc-",Health Care,USA,98.35
AEP,American Electric Power Inc,Utilities,USA,97.66
DELL,Dell Technologies Inc- Class C,Information Technology,USA,89.53
ADM,Archer-Daniels-Midland Company,Consumer Staples,USA,88.68
HLT,Hilton Worldwide Holdings Inc,Consumer Discretionary,USA,97.8
DDOG,"Datadog, Inc- - Class A",Information Technology,USA,98.15
CMG,Chipotle Mexican Grill Inc,Consumer Discretionary,USA,84.13
HSY,Hershey Foods,Consumer Staples,USA,80.56
PAYX,Paychex Inc,Information Technology,USA,29.27
TRV,Travelers Companies Inc,Financials,USA,56.82
WDAY,Workday Inc,Information Technology,USA,91.02
AFL,Aflac Inc,Financials,USA,84.44
IDXX,Idexx Laboratories Inc,Health Care,USA,94.29
BAX,Baxter International Inc,Health Care,USA,96.97
STZ,Constellation Brands Class A,Consumer Staples,USA,97.54
MCK,Mckesson Corp,Health Care,USA,95.45
DD,"DuPont de Nemours, Inc-",Materials,USA,95.0
GIS,General Mills Inc,Consumer Staples,USA,74.58
EXC,Exelon Corp,Utilities,USA,85.37
WBA,Walgreen Boots Alliance Inc,Consumer Staples,USA,74.42
GPN,Global Payments Inc,Information Technology,USA,97.87
ANET,Arista Networks Inc,Information Technology,USA,95.65
MCHP,Microchip Technology Inc,Information Technology,USA,99.22
ALGN,Align Technology Inc,Health Care,USA,97.96
HPQ,HP Inc,Information Technology,USA,78.64
A,Agilent Technologies Inc,Health Care,USA,99.13
AZO,Autozone Inc,Consumer Discretionary,USA,97.74
PH,Parker-Hannifin Corp,Industrials,USA,91.82
APTV,Aptiv Plc,Consumer Discretionary,Ireland,86.46
CARR,Carrier Global Corporation,Industrials,USA,100.0
LULU,Lululemon Athletica Inc,Consumer Discretionary,USA,93.01
CTAS,Cintas Corp,Industrials,USA,64.56
CDNS,Cadence Design Systems Inc,Information technology,USA,95.92
PSX,Phillips 66,Energy,USA,97.32
KMI,Kinder Morgan Inc,Energy,USA,91.95
DXCM,Dexcom Inc,Health Care,USA,95.16
CTVA,"Corteva, Inc-",Materials,USA,86.84
OXY,Occidental Petroleum Corp,Energy,USA,70.48
ZM,"Zoom Video Communications, Inc- - Class A",Information Technology,USA,86.89
RSG,Republic Services Inc,Industrials,USA,100.0
DVN,Devon Energy Corp,Energy,USA,97.39
ZS,Zscaler Inc,Information Technology,USA,92.68
EA,Electronic Arts Inc,Communication Services,USA,97.7
TDG,Transdigm Group Inc,Industrials,USA,94.23
SIVB,SVB Financial Group,Financials,USA,98.04
MSI,Motorola Solutions Inc,Information Technology,USA,86.25
EBAY,Ebay Inc,Consumer Discretionary,USA,93.46
YUM,Yum Brands Inc,Consumer Discretionary,USA,89.11
WMB,Williams Inc,Energy,USA,100.0
DFS,Discover Financial Services,Financials,USA,98.32
LVS,Las Vegas Sands Corp,Consumer Discretionary,USA,100.0
XEL,Xcel Energy Inc,Utilities,USA,73.44
VLO,Valero Energy Corp,Energy,USA,95.59
PPG,PPG Industries Inc,Materials,USA,97.52
TT,Trane Technologies plc,Industrials,USA,89.29
CRWD,"CrowdStrike Holdings, Inc- - Class A",Information Technology,USA,95.24
ALL,Allstate Corp,Financials,USA,93.41
TTD,Trade Desk Inc Class A,Information Technology,USA,98.68
GLW,Corning Inc,Information Technology,USA,89.29
NUE,Nucor Corp,Materials,USA,94.74
IFF,International Flavors & Fragrances,Materials,USA,100.0
RMD,Resmed Inc,Health Care,USA,72.88
STT,State Street Corp,Financials,USA,79.84
KKR,KKR & Co Inc-,Financials,USA,100.0
TSN,Tyson Foods Inc Class A,Consumer Staples,USA,92.65
LYB,Lyondellbasell Industries NV,Materials,USA,93.0
AMP,Ameriprise Finance Inc,Financials,USA,100.0
CBRE,CBRE Group Inc,Real Estate,USA,100.0
DASH,DoorDash Inc,Consumer Discretionary,USA,100.0
ODFL,Old Dominion Freight Line Inc,Industrials,USA,84.52
KR,Kroger,Consumer Staples,USA,74.26
FITB,Fifth Third Bancorp,Financials,USA,92.31
PEG,Public Service Enterprise Group Inc,Utilities,USA,94.06
LSXMA,Liberty Media Liberty Siriusxm Series A,Communication Services,USA,100.0
LSXMK,Liberty Media Liberty Siriusxm Series C,Communication Services,USA,100.0
FWONK,Liberty Media Formula One Corp Series C,Communication Services,USA,100.0
FWONA,Liberty Media Formula One Corp Series A,Communication Services,USA,100.0
PCAR,Paccar Inc,Industrials,USA,72.83
ROST,Ross Stores Inc,Consumer Discretionary,USA,96.12
OTIS,Otis Worldwide Corporation,Industrials,USA,66.67
MTD,Mettler Toledo Inc,Health Care,USA,71.43
TROW,T Rowe Price Group Inc,Financials,USA,76.69
NET,"Cloudflare, Inc- Class A",Information Technology,USA,91.89
AJG,Arthur J Gallagher,Financials,USA,94.37
MTCH,Match Group Inc,Communication Services,USA,95.89
EXPE,Expedia Inc,Consumer Discretionary,USA,95.68
CMI,Cummins Inc,Industrials,USA,87.7
ROK,Rockwell Automation Inc,Industrials,USA,69.01
BIIB,Biogen Inc,Health Care,USA,91.46
BF-B,Brown Forman Inc Class B,Consumer Staples,USA,65.91
BF-A,Brown Forman Inc Class A,Consumer Staples,USA,65.91
VRSK,Verisk Analytics Inc,Industrials,USA,83.08
DLTR,Dollar Tree Inc,Consumer Discretionary,USA,94.35
VEEV,Veeva Systems Inc Class A,Health Care,USA,98.2
BKR,Baker Hughes Company Class A,Energy,USA,95.83
KEYS,Keysight Technologies Inc,Information Technology,USA,97.56
FRC,First Republic Bank,Financials,USA,86.76
ABC,AmerisourceBergen Corp,Health Care,USA,95.45
AME,Ametek Inc,Industrials,USA,100.0
HAL,Halliburton,Energy,USA,97.91
CPRT,Copart Inc,Industrials,USA,86.21
FAST,Fastenal,Industrials,USA,67.57
LNG,Cheniere Energy Inc,Energy,USA,100.0
DHI,D R Horton Inc,Consumer Discretionary,USA,95.16
U,Unity Software Inc-,Information Technology,USA,95.83
BLL,Ball Corp,Materials,USA,96.3
HES,Hess Corp,Energy,USA,95.35
SPOT,Spotify Technology SA,Communication Services,Luxembourg,78.67
ED,Consolidated Edison Inc,Utilities,USA,19.35
NDAQ,Nasdaq Inc,Financials,USA,95.9
WST,West Pharmaceutical Services Inc,Health Care,USA,81.82
TWLO,Twilio Inc Class A,Information Technology,USA,100.0
PCG,Pacific Gas & Electric Co-,Utilities,USA,92.71
TWTR,Twitter Inc,Communication Services,USA,72.82
ES,Eversource Energy,Utilities,USA,53.97
WEC,WEC Energy Group Inc,Utilities,USA,63.41
OKE,Oneok Inc,Energy,USA,83.17
WTW,Willis Towers Watson Public Limited Company,Financials,USA,91.38
DAL,Delta Air Lines Inc,Industrials,USA,97.9
LUV,Southwest Airlines,Industrials,USA,88.57
MDB,"MongoDB, Inc- Class A",Information Technology,USA,100.0
ANSS,Ansys Inc,Information Technology,USA,78.95
AWK,American Water Works Inc,Utilities,USA,86.0
CERN,Cerner Corp,Health Care,USA,87.27
SWK,Stanley Black & Decker Inc,Industrials,USA,94.78
GFS,GlobalFoundries Inc,Information Technology,USA,93.33
LEN-B,Lennar Corporation Class B,Consumer Discretionary,USA,99.11
LEN,Lennar Corporation Class A,Consumer Discretionary,USA,99.11
LYV,Live Nation Entertainment Inc,Communication Services,USA,97.73
MKC,McCormick & Co Non-voting,Consumer Staples,USA,69.77
ON,ON Semiconductor Corp,Information Technology,USA,81.19
CSGP,Costar Group Inc,Industrials,USA,85.71
EFX,Equifax Inc,Industrials,USA,95.31
LBRDA,Liberty Broadband Corp Series A,Communication Services,USA,100.0
LBRDK,Liberty Broadband Corp Series C,Communication Services,USA,100.0
OKTA,Okta Inc Class A,Information Technology,USA,100.0
HRL,Hormel Foods Corp,Consumer Staples,USA,66.67
LH,Laboratory Corporation Of America,Health Care,USA,98.04
ZBH,Zimmer Biomet Holdings Inc,Health Care,USA,87.85
EPAM,Epam Systems Inc,Information Technology,USA,98.98
VMC,Vulcan Materials,Materials,USA,96.92
CCL,Carnival Corp,Consumer Discretionary,USA,87.27
CDW,CDW Corp,Information Technology,USA,84.09
NTRS,Northern Trust Corporation,Financials,USA,51.35
TSCO,Tractor Supply,Consumer Discretionary,USA,99.15
GWW,W-W- Grainger Inc,Industrials,USA,67.95
HIG,Hartford Financial Services Group,Financials,USA,100.0
BILL,"Bill-com Holdings, Inc-",Information Technology,USA,100.0
MLM,Martin Marietta Materials Inc,Materials,USA,97.1
HUBS,Hubspot Inc,Information Technology,USA,100.0
KEY,Keycorp,Financials,USA,87.8
SIRI,Sirius Xm Holdings Inc,Communication Services,USA,84.62
BBY,Best Buy Inc,Consumer Discretionary,USA,85.59
CHD,Church And Dwight Inc,Consumer Staples,USA,69.23
MTB,M&T Bank Corp,Financials,USA,84.48
IT,Gartner Inc,Information Technology,USA,97.37
FANG,Diamondback Energy Inc,Energy,USA,100.0
FE,Firstenergy Corp,Utilities,USA,86.27
VRSN,Verisign Inc,Information Technology,USA,60.0
FOX,Fox Corporation Class B,Communication Services,USA,89.09
FOXA,Fox Corporation Class A,Communication Services,USA,89.09
ALB,Albemarle Corp,Materials,USA,78.4
VFC,VF Corp,Consumer Discretionary,USA,96.77
DTE,DTE Energy,Utilities,USA,94.38
DOV,Dover Corp,Industrials,USA,89.25
HBAN,Huntington Bancshares Inc,Financials,USA,88.24
EIX,Edison International,Utilities,USA,91.26
SGEN,Seattle Genetics Inc,Health Care,USA,100.0
RF,Regions Financial Corp,Financials,USA,89.01
SYF,Synchrony Financial,Financials,USA,98.53
DOCU,Docusign Inc-,Information Technology,USA,98.33
URI,United Rentals Inc,Industrials,USA,81.03
FTV,Fortive Corp,Industrials,USA,98.08
STE,STERIS PLC,Health Care,USA,100.0
CFG,Citizens Financial Group Inc,Financials,USA,95.83
RJF,Raymond James Inc,Financials,USA,93.75
ZBRA,Zebra Technologies Corp,Information Technology,USA,95.45
PKI,Perkinelmer Inc,Health Care,USA,88.89
HPE,Hewlett Packard Enterprise,Information Technology,USA,74.6
SWKS,Skyworks Solutions Inc,Information Technology,USA,95.27
YUMC,Yum China Holdings Inc,Consumer Discretionary,China,89.47
K,Kellogg,Consumer Staples,USA,77.78
PLTR,Palantir Technologies Inc-,Information Technology,USA,25.0
GRMN,Garmin Ltd,Consumer Discretionary,USA,57.14
AEE,Ameren Corp,Utilities,USA,79.49
IR,Ingersoll Rand Plc,Industrials,USA,100.0
RCL,Royal Caribbean Cruises Ltd,Consumer Discretionary,USA,90.08
PPL,PPL Corporation,Utilities,USA,89.36
HZNP,Horizon Pharma Plc,Health Care,USA,100.0
MPWR,Monolithic Power Systems Inc,Information Technology,USA,100.0
ETR,Entergy Corp,Utilities,USA,77.11
AVTR,"Avantor, Inc-",Health Care,USA,100.0
COO,"Cooper Companies, Inc-",Health Care,USA,97.4
SBNY,Signature Bank,Financials,USA,99.15
MGM,MGM Resorts International,Consumer Discretionary,USA,96.88
CINF,Cincinnati Financial Corp,Financials,USA,62.5
NTAP,NetApp Inc,Information Technology,USA,69.87
ULTA,Ulta Beauty Inc,Consumer Discretionary,USA,100.0
ENPH,Enphase Energy Inc,Information Technology,USA,90.0
CLR,Continental Resources Inc,Energy,USA,86.83
JBHT,JB Hunt Transport Services Inc,Industrials,USA,95.05
PAYC,Paycom Software Inc,Information Technology,USA,96.04
VIACA,ViacomCBS Inc- - Class A,Communication Services,USA,72.73
TDY,Teledyne Technologies Inc,Information Technology,USA,86.36
WAT,Waters Corp,Health Care,USA,54.05
FLT,Fleetcor Technologies Inc,Information Technology,USA,100.0
GNRC,Generac Holdings Inc,Industrials,USA,94.2
PFG,Principal Financial Group Inc,Financials,USA,52.63
SSNC,"SS&C Technologies Holdings, Inc-",Information Technology,USA,100.0
TER,Teradyne Inc,Information Technology,USA,98.65
TRU,TransUnion,Industrials,USA,100.0
TTWO,Take Two Interactive Software Inc,Communication Services,USA,98.45
MOH,Molina Healthcare Inc,Health Care,USA,86.0
SPLK,Splunk Inc,Information Technology,USA,97.94
CTRA,Coterra Energy Inc-,Energy,USA,95.19
BRO,Brown & Brown Inc,Financials,USA,58.33
ROKU,Roku Class A,Communication Services,USA,81.37
DRI,Darden Restaurants Inc,Consumer Discretionary,USA,93.12
GPC,Genuine Parts,Consumer Discretionary,USA,55.17
ACGL,Arch Capital Group Ltd,Financials,USA,82.5
ENTG,Entegris Inc,Information Technology,USA,100.0
CMS,CMS Energy Corp,Utilities,USA,100.0
ALNY,Alnylam Pharmaceuticals Inc,Health Care,USA,100.0
EXPD,Expeditors International Of Washington,Industrials,USA,38.3
OMC,Omnicom Group Inc,Communication Services,USA,68.29
WAB,Westinghouse Air Brake Technologies,Industrials,USA,96.15
CLX,Clorox,Consumer Staples,USA,27.03
VTRS,Viatris Inc-,Health Care,USA,66.67
POOL,Pool Corp,Consumer Discretionary,USA,100.0
BIO,Bio Rad Laboratories Inc Class A,Health Care,USA,100.0
IP,International Paper,Materials,USA,78.85
AMCR,Amcor plc,Materials,United Kingdom,75.0
WDC,Western Digital Corp,Information Technology,USA,93.19
NUAN,Nuance Communications Inc,Information Technology,USA,97.96
TYL,Tyler Technologies Inc,Information Technology,USA,100.0
CTLT,Catalent Inc,Health Care,USA,100.0
CZR,Caesars Entertainment Corp,Consumer Discretionary,USA,82.0
HOLX,Hologic Inc,Health Care,USA,96.25
MOS,Mosaic,Materials,USA,81.91
HEI,Heico Corp,Industrials,USA,95.83
HEI-A,Heico Corporation Class A,Industrials,USA,95.83
KMX,Carmax Inc,Consumer Discretionary,USA,97.56
CAG,Conagra Brands Inc,Consumer Staples,USA,84.31
RPRX,Royalty Pharma plc - Class A,Health Care,USA,100.0
ALLY,Ally Financial Inc,Financials,USA,98.65
AGR,Avangrid Inc,Utilities,USA,70.83
MKL,Markel Corp,Financials,USA,75.0
TRMB,Trimble Inc,Information Technology,USA,93.48
MRO,Marathon Oil Corp,Energy,USA,90.43
NVR,"NVR, Inc-",Consumer Discretionary,USA,68.42
CNP,Centerpoint Energy Inc,Utilities,USA,83.64
ETSY,Etsy Inc,Consumer Discretionary,USA,88.03
AKAM,Akamai Technologies Inc,Information Technology,USA,90.38
BR,Broadridge Financial Solutions Inc,Information Technology,USA,100.0
PODD,Insulet Corp,Health Care,USA,95.06
BMRN,Biomarin Pharmaceutical Inc,Health Care,USA,100.0
CE,Celanese Corporation,Materials,USA,98.36
NLOK,NortonLifeLock Inc-,Information Technology,USA,93.33
EMN,Eastman Chemical,Materials,USA,98.18
CF,CF Industries Holdings Inc,Materials,USA,84.52
CG,Carlyle Group,Financials,USA,96.15
XYL,Xylem Inc,Industrials,USA,80.65
WRB,WR Berkley Corp,Financials,USA,51.61
DGX,Quest Diagnostics Inc,Health Care,USA,79.1
DISH,Dish Network Corp Class A,Communication Services,USA,70.59
DPZ,Dominos Pizza Inc,Consumer Discretionary,USA,96.18
UAL,United Continental Holdings Inc,Industrials,USA,82.35
TECH,Bio-Techne Corp,Health Care,USA,100.0
CCK,Crown Holdings Inc,Materials,USA,100.0
J,Jacobs Engineering Group Inc-,Industrials,USA,97.5
TXT,Textron Inc,Industrials,USA,95.0
ROL,Rollins Inc,Industrials,USA,90.0
FDS,Factset Research Systems Inc,Financials,USA,32.0
Z,Zillow Group Inc Class C,Real Estate,USA,90.16
ZG,Zillow Group Inc Class A,Real Estate,USA,90.16
PINS,"Pinterest, Inc- Class A",Communication Services,USA,98.44
L,Loews Corp,Financials,USA,100.0
UI,Ubiquiti Inc-,Information Technology,USA,33.33
AVY,Avery Dennison Corp,Materials,USA,86.89
BEN,Franklin Resources Inc,Financials,USA,37.31
CAH,Cardinal Health Inc,Health Care,USA,90.32
DISCK,"Discovery Communications, Inc- - Series C",Communication Services,USA,78.82
DISCA,Discovery Communications Inc Series A,Communication Services,USA,78.82
INCY,Incyte Corp,Health Care,USA,96.25
SJM,J-M- Smucker,Consumer Staples,USA,64.1
FMC,FMC Corp,Materials,USA,97.92
HWM,Howmet Aerospace Inc-,Industrials,USA,100.0
TFX,Teleflex Inc,Health Care,USA,100.0
CEG,Constellation Energy Corporation,Utilities,USA,
CRL,Charles River Laboratories International,Health Care,USA,90.48
PWR,Quanta Services Inc,Industrials,USA,98.36
LPLA,LPL Financial Holdings Inc,Financials,USA,91.78
BURL,Burlington Stores Inc,Consumer Discretionary,USA,99.25
ATO,Atmos Energy Corp,Utilities,USA,93.75
QRVO,"Qorvo, Inc-",Information Technology,USA,96.08
IEX,IDEX Corp,Industrials,USA,97.83
AES,AES Corp,Utilities,USA,95.24
AA,Alcoa Corp,Materials,USA,92.24
TRGP,Targa Resources Corp,Energy,USA,94.4
MKTX,Marketaxess Holdings Inc,Financials,USA,69.7
LYFT,"Lyft, Inc- - Class A",Industrials,USA,97.0
IPG,Interpublic Group Of Companies Inc,Communication Services,USA,88.68
ZEN,Zendesk Inc,Information Technology,USA,100.0
LNT,Alliant Energy Corp,Utilities,USA,96.55
PKG,Packaging Corp Of America,Materials,USA,87.88
BG,Bunge Ltd,Consumer Staples,USA,97.92
WLK,Westlake Chemical Corp,Materials,USA,71.19
EVRG,Evergy Inc,Utilities,USA,78.57
ABMD,Abiomed Inc,Health Care,USA,83.33
LKQ,LKQ Corp,Consumer Discretionary,USA,100.0
MAS,Masco Corp,Industrials,USA,98.02
GDDY,GoDaddy Inc- Class A,Information Technology,USA,98.61
HAS,Hasbro Inc,Consumer Discretionary,USA,89.19
NWS,News Corp Class B,Communication Services,USA,94.12
NWSA,News Corp Class A,Communication Services,USA,94.12
AAP,Advance Auto Parts Inc,Consumer Discretionary,USA,87.18
EQH,AXA Equitable Holdings Inc,Financials,USA,100.0
BBWI,"Bath & Body Works, Inc-",Consumer Discretionary,USA,100.0
FNF,Fidelity National Financial Inc,Financials,USA,100.0
ACI,"Albertsons Companies, Inc- Class A",Consumer Staples,USA,58.82
RHI,Robert Half,Industrials,USA,69.39
FICO,Fair Isaac Corp,Information Technology,USA,100.0
PLUG,Plug Power Inc,Industrials,USA,92.0
CPB,Campbell Soup,Consumer Staples,USA,22.64
NDSN,Nordson Corp,Industrials,USA,100.0
ARES,Ares Management Corporation Class A,Financials,USA,100.0
BLDR,Builders Firstsource Inc,Industrials,USA,96.72
CNA,CNA Financial Corp,Financials,USA,80.0
PTC,PTC Inc,Information Technology,USA,94.74
LDOS,Leidos Holdings Inc,Industrials,USA,92.86
EXAS,Exact Sciences Corp,Health Care,USA,97.83
RNG,Ringcentral Inc Class A,Information Technology,USA,100.0
CTXS,Citrix Systems Inc,Information Technology,USA,79.41
EWBC,East West Bancorp Inc,Financials,USA,95.71
LNC,Lincoln National Corp,Financials,USA,90.0
CMA,Comerica Inc,Financials,USA,61.72
CBOE,"Cboe Global Markets, Inc-",Financials,USA,73.86
STLD,Steel Dynamics Inc,Materials,USA,99.0
JKHY,"Jack Henry & Associates, Inc-",Information Technology,USA,83.33
JLL,Jones Lang LaSalle Inc,Real Estate,USA,97.96
WOLF,"Wolfspeed, Inc-",Information Technology,USA,
CSL,Carlisle Companies Inc,Industrials,USA,100.0
WRK,Westrock,Materials,USA,83.64
ELAN,Elanco Animal Health Incorporated,Health Care,USA,88.24
GGG,Graco Inc,Industrials,USA,87.5
FFIV,F5 Networks Inc,Information Technology,USA,90.48
XRAY,Dentsply Sirona Inc,Health Care,USA,92.16
FBHS,Fortune Brands Home And Security,Industrials,USA,94.44
RE,Everest Re Group Ltd,Financials,USA,94.44
WHR,Whirlpool Corp,Consumer Discretionary,USA,78.57
DT,"Dynatrace, Inc-",Information Technology,USA,100.0
PHM,Pultegroup Inc,Consumer Discretionary,USA,72.29
CHRW,"C-H- Robinson Worldwide, Inc-",Industrials,USA,56.12
AAL,American Airlines Group Inc,Industrials,USA,75.0
MORN,Morningstar Inc,Financials,USA,
APA,Apache Corp,Energy,USA,100.0
OLPX,"Olaplex Holdings, Inc-",Consumer Staples,USA,100.0
WTRG,"Essential Utilities, Inc-",Utilities,USA,100.0
UHS,Universal Health Services Inc-,Health Care,USA,90.12
UHAL,Amerco,Industrials,USA,100.0
SNA,Snap On Inc,Industrials,USA,78.57
HSIC,Henry Schein Inc,Health Care,USA,65.38
AFG,American Financial Group Inc,Financials,USA,92.31
AOS,A O Smith Corp,Industrials,USA,95.56
UPST,"Upstart Holdings, Inc-",Financials,USA,90.0
DVA,Davita Inc,Health Care,USA,88.57
TDOC,Teladoc Inc,Health Care,USA,100.0
QGEN,Qiagen Nv,Health Care,The Netherlands,83.33
NI,Nisource Inc,Utilities,USA,91.67
RPM,RPM International Inc,Materials,USA,90.24
ZION,Zions Bancorporation,Financials,USA,83.15
JNPR,Juniper Networks Inc,Information Technology,USA,81.37
RS,Reliance Steel & Aluminum,Materials,USA,90.2
NWL,Newell Brands Inc,Consumer Discretionary,USA,96.08
DAR,Darling Ingredients Inc,Consumer Staples,USA,100.0
CGNX,Cognex Corp,Information Technology,USA,61.54
PCTY,Paylocity Holding Corp,Information Technology,USA,96.77
WYNN,Wynn Resorts Ltd,Consumer Discretionary,USA,98.46
MTN,Vail Resorts Inc,Consumer Discretionary,USA,91.78
BWA,BorgWarner Inc,Consumer Discretionary,USA,92.78
CIEN,Ciena Corp,Information Technology,USA,97.48
RRX,Regal Rexnord Corporation,Industrials,USA,97.5
TAP,Molson Coors Brewing Class B,Consumer Staples,USA,77.05
GL,Globe Life Inc-,Financials,USA,28.57
FND,Floor Decor Holdings Inc,Consumer Discretionary,USA,100.0
TPR,Tapestry,Consumer Discretionary,USA,96.61
CNXC,Concentrix Corporation,Information Technology,USA,100.0
DOX,Amdocs Ltd,Information Technology,Guernsey,100.0
CDAY,Ceridian HCM Holding Inc-,Information Technology,USA,76.74
WSM,Williams Sonoma Inc,Consumer Discretionary,USA,69.7
VST,Vistra Energy Corp,Utilities,USA,100.0
GLOB,Globant Sa,Information Technology,Argentina,95.65
MIDD,Middleby Corp,Industrials,USA,96.15
IVZ,Invesco Ltd,Financials,USA,94.4
BRKR,Bruker Corp,Health Care,USA,87.5
LEA,Lear Corp,Consumer Discretionary,USA,95.24
TTC,Toro,Industrials,USA,60.0
TREX,Trex Inc,Industrials,USA,96.97
ACM,AECOM,Industrials,USA,96.61
BSY,"Bentley Systems, Inc Class B",Information Technology,USA,100.0
W,Wayfair Inc Class A,Consumer Discretionary,USA,80.87
CLVT,Clarivate Plc,Industrials,USA,100.0
ALLE,Allegion PLC,Industrials,USA,92.68
WSO,Watsco Inc,Industrials,USA,46.34
RGEN,Repligen Corp,Health Care,USA,100.0
SNX,Synnex Corp,Information Technology,USA,88.89
CLF,Cleveland-Cliffs Inc-,Materials,USA,66.67
CPRI,Capri Holdings Limited,Consumer Discretionary,USA,100.0
LUMN,"CenturyLink, Inc-",Communication Services,USA,0.0
SEE,Sealed Air Corp,Materials,USA,94.83
ZNGA,Zynga Inc,Communication Services,USA,75.25
MHK,Mohawk Industries Inc,Consumer Discretionary,USA,87.62
BAH,Booz Allen Hamilton Holding Corp,Industrials,USA,94.92
HUBB,Hubbell Inc,Industrials,USA,100.0
FHN,First Horizon National Corp,Financials,USA,85.19
WAL,Western Alliance,Financials,USA,100.0
LAD,Lithia Motors Inc Class A,Consumer Discretionary,USA,90.91
OC,Owens Corning,Industrials,USA,87.5
ARMK,Aramark,Consumer Discretionary,USA,95.65
GXO,"GXO Logistics, Inc-",Industrials,USA,100.0
IAC,IAC/InterActive,Communication Services,USA,100.0
LW,Lamb Weston Holdings Inc,Consumer Staples,USA,94.44
AGCO,AGCO Corp,Industrials,USA,68.29
PNR,Pentair,Industrials,USA,86.67
AIZ,Assurant Inc,Financials,USA,85.37
GME,Gamestop Corp Class A,Consumer Discretionary,USA,62.75
AZPN,Aspen Technology Inc,Information Technology,USA,89.36
SCI,Service Corporation International,Consumer Discretionary,USA,100.0
NRG,NRG Energy Inc,Utilities,USA,92.86
Y,Alleghany Corp,Financials,USA,100.0
PTON,"Peloton Interactive, Inc- Class A",Consumer Discretionary,USA,96.58
RL,Ralph Lauren Corp Class A,Consumer Discretionary,USA,81.19
LII,Lennox International Inc,Industrials,USA,41.89
OGN,Organon & Co-,Health Care,USA,100.0
FIVE,Five Below Inc,Consumer Discretionary,USA,98.37
ST,Sensata Technologies Holding Nv,Industrials,USA,93.65
AXON,"Axon Enterprise, Inc-",Industrials,USA,100.0
CFR,Cullen Frost Bankers Inc,Financials,USA,13.46
UTHR,United Therapeutics Corp,Health Care,USA,69.57
BKI,Black Knight,Information Technology,USA,100.0
DKNG,DraftKings Inc- - Class A,Consumer Discretionary,USA,95.65
COUP,Coupa Software Inc,Information Technology,USA,97.41
PBCT,Peoples United Financial Inc,Financials,USA,39.13
KNX,Knight Transportation Inc,Industrials,USA,91.74
JEF,Jefferies Financial Group Inc,Financials,USA,100.0
CABO,Cable One Inc,Communication Services,USA,88.89
HUN,Huntsman Corp,Materials,USA,95.0
PCOR,"Procore Technologies, Inc-",Information Technology,USA,100.0
DXC,DXC Technology Company,Information Technology,USA,89.29
MAT,Mattel Inc,Consumer Discretionary,USA,88.71
EQT,EQT Corporation,Energy,USA,96.67
JAZZ,Jazz Pharmaceuticals Plc,Health Care,USA,99.15
USFD,US Foods Holding Corp,Consumer Staples,USA,100.0
RH,RH,Consumer Discretionary,USA,95.04
TW,Tradeweb Markets Inc- - Class A,Financials,USA,100.0
JBL,Jabil Inc,Information Technology,USA,75.0
WMS,Advanced Drainage Systems Inc,Industrials,USA,71.88
CHDN,Churchill Downs Inc,Consumer Discretionary,USA,100.0
BERY,Berry Global Group Inc,Materials,USA,100.0
ARW,Arrow Electronics Inc,Information Technology,USA,87.18
MKSI,MKS Instruments Inc,Information Technology,USA,93.88
MASI,Masimo Corp,Health Care,USA,91.67
AVLR,Avalara Inc-,Information Technology,USA,100.0
PENN,Penn National Gaming Inc,Consumer Discretionary,USA,88.76
ERIE,Erie Indemnity Class A,Financials,USA,
FIVN,Five9 Incinary,Information Technology,USA,95.24
CBSH,Commerce Bancshares Inc,Financials,USA,19.15
SYNH,Syneos Health Inc,Health Care,USA,100.0
SEIC,SEI Investments,Financials,USA,95.24
DECK,Deckers Outdoor Corp,Consumer Discretionary,USA,93.27
NVCR,Novocure Ltd,Health Care,USA,83.87
XPO,XPO Logistics Inc,Industrials,USA,100.0
MANH,Manhattan Associates Inc,Information Technology,USA,100.0
G,Genpact Ltd,Information Technology,USA,87.76
UGI,UGI Corp,Utilities,USA,75.0
KSS,Kohls Corporation,Consumer Discretionary,USA,70.11
PEN,Penumbra Inc,Health Care,USA,100.0
WH,Wyndham Hotels & Resorts Inc,Consumer Discretionary,USA,100.0
NBIX,Neurocrine Biosciences Inc,Health Care,USA,98.82
CHH,Choice Hotels International Inc,Consumer Discretionary,USA,26.47
ORI,Old Republic International Corp,Financials,USA,100.0
OLN,Olin Corp,Materials,USA,91.84
WU,Western Union,Information Technology,USA,37.68
AGL,"agilon health, inc-",Health Care,USA,100.0
SF,Stifel Financial Corp,Financials,USA,80.65
NVST,Envista Holdings Corporation,Health Care,USA,100.0
PAG,Penske Automotive Group Inc,Consumer Discretionary,USA,89.74
RGLD,Royal Gold Inc,Materials,USA,94.44
TPL,Texas Pacific Land Trust,Energy,USA,75.0
BYD,Boyd Gaming Corp,Consumer Discretionary,USA,97.01
VRT,"Vertiv Holdings, LLC Class A",Industrials,USA,100.0
BFAM,Bright Horizons Family Solutions,Consumer Discretionary,USA,81.25
SMG,Scotts Miracle Gro,Materials,USA,61.76
PNW,Pinnacle West Corp,Utilities,USA,60.0
DNB,"Dun & Bradstreet Holdings, Inc-",Industrials,USA,100.0
PLNT,Planet Fitness Inc Class A,Consumer Discretionary,USA,97.92
RGA,Reinsurance Group Of America Inc,Financials,USA,51.67
ESTC,Elastic N-V-,Information Technology,USA,100.0
VOYA,Voya Financial Inc,Financials,USA,92.86
SNV,Synovus Financial Corp,Financials,USA,82.35
ATR,Aptargroup Inc,Materials,USA,78.79
COTY,Coty Inc Class A,Consumer Staples,USA,80.6
SITE,Siteone Landscape Supply Inc,Industrials,USA,66.67
WWD,Woodward Inc,Industrials,USA,100.0
PSTG,Pure Storage Inc Class A,Information Technology,USA,98.59
OSK,Oshkosh Corp,Industrials,USA,95.5
PLTK,Playtika Holding Corp-,Communication Services,Israel,100.0
GWRE,Guidewire Software Inc,Information Technology,USA,80.39
ITT,ITT Inc,Industrials,USA,95.56
LECO,Lincoln Electric Holdings Inc,Industrials,USA,95.83
WEX,Wex Inc,Information Technology,USA,92.11
PII,Polaris Industries Inc,Consumer Discretionary,USA,95.31
FAF,First American Financial Corp,Financials,USA,96.0
BLD,Topbuild Corp,Consumer Discretionary,USA,97.62
FSLR,First Solar Inc,Information Technology,USA,63.55
TXG,"10x Genomics, Inc-",Health Care,USA,100.0
ALK,Alaska Air Group Inc,Industrials,USA,91.67
HII,Huntington Ingalls Industries Inc,Industrials,USA,77.78
CACC,Credit Acceptance Corp,Financials,USA,10.53
IPGP,IPG Photonics Corp,Information Technology,USA,96.67
PNFP,Pinnacle Financial Partners Inc,Financials,USA,97.5
BC,Brunswick Corp,Consumer Discretionary,USA,100.0
NXST,Nexstar Media Group Inc,Communication Services,USA,100.0
SMAR,Smartsheet Inc- Class A,Information Technology,USA,100.0
DBX,Dropbox Inc Class A,Information Technology,USA,90.0
LITE,Lumentum Holdings Inc,Information Technology,USA,92.86
GNTX,Gentex Corp,Consumer Discretionary,USA,83.87
CHE,Chemed Corp,Health Care,USA,100.0
EEFT,Euronet Worldwide Inc,Information Technology,USA,100.0
BPOP,Popular Inc,Financials,USA,96.55
OGE,OGE Energy Corp,Utilities,USA,90.91
TPX,Tempur Sealy International Inc,Consumer Discretionary,USA,92.65
VAC,Marriott Vacations Worldwide Corp,Consumer Discretionary,USA,100.0
UA,Under Armour Inc Class C,Consumer Discretionary,USA,81.1
UAA,Under Armour Inc Class A,Consumer Discretionary,USA,81.1
AN,AutoNation Inc,Consumer Discretionary,USA,42.55
IBKR,Interactive Brokers Group Inc,Financials,USA,68.42
NYT,New York Times Class A,Communication Services,USA,78.57
BOKF,BOK Financial Corp,Financials,USA,75.0
MTZ,Mastec Inc,Industrials,USA,100.0
PLAN,"Anaplan, Inc-",Information Technology,USA,98.46
TNDM,Tandem Diabetes Care Inc,Health Care,USA,93.33
PVH,PVH Corp,Consumer Discretionary,USA,95.04
TWKS,"Thoughtworks Holding, Inc",Information Technology,USA,100.0
PB,Prosperity Bancshares Inc,Financials,USA,80.0
PPC,Pilgrims Pride Corp,Consumer Staples,USA,100.0
CASY,Caseys General Stores Inc,Consumer Staples,USA,93.62
RNR,Renaissancere Holding Ltd,Financials,USA,76.6
FCNCA,First Citizens Bancshares Inc Class A,Financials,USA,100.0
NOV,National Oilwell Varco Inc,Energy,USA,80.0
PEGA,Pegasystems Inc,Information Technology,USA,100.0
POST,Post Holdings Inc,Consumer Staples,USA,100.0
GMED,Globus Medical Inc Class A,Health Care,USA,92.41
SRPT,Sarepta Therapeutics Inc,Health Care,USA,93.8
EHC,Encompass Health Corp,Health Care,USA,97.22
OMF,Onemain Holdings Inc,Financials,USA,95.92
DKS,Dicks Sporting Inc,Consumer Discretionary,USA,97.2
GH,Guardant Health Inc,Health Care,USA,100.0
DCI,Donaldson Inc,Industrials,USA,90.0
COHR,Coherent Inc,Information Technology,USA,96.97
OLED,Universal Display Corp,Information Technology,USA,92.31
OPEN,Opendoor Technologies Inc,Real Estate,USA,100.0
AXTA,Axalta Coating Systems Ltd,Materials,USA,96.43
AZTA,"Azenta, Inc-",Information Technology,USA,91.67
TOL,Toll Brothers Inc,Consumer Discretionary,USA,68.75
HOG,Harley Davidson Inc,Consumer Discretionary,USA,79.41
SKX,Skechers USA Inc,Consumer Discretionary,USA,93.94
NLSN,Nielsen Holdings Plc,Industrials,USA,93.9
CVNA,Carvana Class A,Consumer Discretionary,USA,87.91
AYI,Acuity Brands Inc,Industrials,USA,92.86
COLM,Columbia Sportswear,Consumer Discretionary,USA,91.23
LFUS,Littelfuse Inc,Information Technology,USA,94.44
X,United States Steel Corporation,Materials,USA,58.77
NVAX,Novavax Inc,Health Care,USA,92.86
CHNG,Change Healthcare Inc-,Health Care,USA,100.0
SHC,Sotera Health Co,Health Care,USA,100.0
REYN,Reynolds Consumer Products Inc-,Consumer Staples,USA,100.0
GPK,Graphic Packaging Holding,Materials,USA,98.46
NTRA,Natera Inc,Health Care,USA,100.0
CACI,CACI International Inc,Industrials,USA,95.08
MAN,Manpower Inc,Industrials,USA,90.79
BEPC,Brookfield Renewable Corporation Class A,Utilities,Canada,66.67
CR,Crane,Industrials,USA,97.96
FLO,Flowers Foods Inc,Consumer Staples,USA,87.5
LPX,Louisiana Pacific Corp,Materials,USA,63.27
ESI,Element Solutions Inc-,Materials,USA,46.43
CFX,Colfax Corp,Industrials,USA,73.33
VVV,Valvoline Inc,Materials,USA,75.0
INGR,Ingredion Inc,Consumer Staples,USA,87.5
SLM,Sallie Mae,Financials,USA,100.0
UNM,Unum Group,Financials,USA,67.74
HFC,HollyFrontier Corp,Energy,USA,71.76
LSTR,Landstar System Inc,Industrials,USA,46.0
ADT,ADT Inc-,Industrials,USA,90.7
EXEL,Exelixis Inc,Health Care,USA,96.97
SON,Sonoco Products,Materials,USA,53.66
JHG,Janus Henderson Group Plc,Financials,USA,46.15
AMG,Affiliated Managers Group Inc,Financials,USA,97.96
PACW,Pacwest Bancorp,Financials,USA,100.0
OZK,Bank of the Ozarks,Financials,USA,81.82
WTFC,Wintrust Financial Corp,Financials,USA,100.0
NCR,NCR Corp,Information Technology,USA,100.0
NVT,Nvent Electric Plc,Industrials,USA,100.0
MDU,MDU Resources Group Inc,Utilities,USA,75.0
NFG,National Fuel Gas,Utilities,USA,95.45
IART,Integra Lifesciences Holdings Corp,Health Care,USA,89.47
EXP,Eagle Materials Inc,Materials,USA,98.15
AMBP,Ardagh Metal Packaging S-A-,Materials,Luxembourg,
NTNX,Nutanix Inc Class A,Information Technology,USA,94.2
SPR,Spirit Aerosystems Inc,Industrials,USA,90.1
YETI,"Yeti Holdings, Inc-",Consumer Discretionary,USA,100.0
WBS,Webster Financial Corp,Financials,USA,89.39
QS,QuantumScape Corporation Class A,Consumer Discretionary,USA,66.67
TDC,Teradata Corp,Information Technology,USA,63.93
ASH,Ashland Global Inc,Materials,USA,97.5
GPS,Gap Inc,Consumer Discretionary,USA,60.78
CW,Curtiss Wright Corp,Industrials,USA,100.0
SRCL,Stericycle Inc,Industrials,USA,76.32
NYCB,New York Community Bancorp,Financials,USA,51.28
PRI,Primerica Inc,Financials,USA,92.86
ATUS,"Altice USA, Inc- Class A",Communication Services,USA,98.08
MSA,MSA Safety Inc,Industrials,USA,100.0
ALGM,"Allegro MicroSystems, Inc-",Information Technology,USA,100.0
HBI,Hanesbrands Inc,Consumer Discretionary,USA,94.67
NATI,National Instruments Corp,Information Technology,USA,92.86
IDA,"IDACORP, Inc-",Utilities,USA,61.54
HHC,Howard Hughes Corp,Real Estate,USA,100.0
THO,Thor Industries Inc,Consumer Discretionary,USA,94.34
CLH,Clean Harbors Inc,Industrials,USA,94.12
TNL,Travel & Leisure Co-,Consumer Discretionary,USA,100.0
VSCO,Victorias Secret & Co-,Consumer Discretionary,USA,100.0
LEG,Leggett & Platt Inc,Consumer Discretionary,USA,100.0
H,Hyatt Hotels Corp Class A,Consumer Discretionary,USA,80.33
TMX,"Terminix Global Holdings, Inc-",Consumer Discretionary,USA,100.0
TKR,Timken,Industrials,USA,93.48
UNVR,"Univar Solutions, Inc-",Industrials,USA,91.3
PRGO,Perrigo Plc,Health Care,USA,89.47
MTG,MGIC Investment Corp,Financials,USA,91.89
JBLU,Jetblue Airways Corp,Industrials,USA,79.49
WEN,Wendys,Consumer Discretionary,USA,87.8
DRVN,Driven Brands Holdings Inc-,Industrials,USA,100.0
MCW,"Mister Car Wash, Inc-",Consumer Discretionary,USA,100.0
CDK,CDK Global Inc,Information Technology,USA,75.0
WIX,Wix-Com Ltd,Information Technology,Israel,98.92
THG,Hanover Insurance Group Inc,Financials,USA,93.33
DLB,Dolby Laboratories Inc Class A,Information Technology,USA,72.73
HLF,Herbalife Ltd,Consumer Staples,USA,96.97
FCN,FTI Consulting Inc,Industrials,USA,100.0
DTM,"DT Midstream, Inc-",Energy,USA,100.0
AXS,Axis Capital Holdings Ltd,Financials,USA,61.7
AL,Air Lease Corp,Industrials,USA,89.66
ACHC,Acadia Healthcare Company Inc,Health Care,USA,97.67
CRUS,Cirrus Logic Inc,Information Technology,USA,80.72
EVR,Evercore Inc- Class A,Financials,USA,96.97
RUN,Sunrun Inc,Industrials,USA,93.22
CHPT,"ChargePoint Holdings, Inc-",Industrials,USA,100.0
TFSL,TFS Financial Corp,Financials,USA,100.0
IAA,"IAA, Inc-",Industrials,USA,100.0
CC,Chemours Company,Materials,USA,96.88
INFA,Informatica Inc-,Information Technology,USA,100.0
MRTX,Mirati Therapeutics Inc,Health Care,USA,96.49
MCFE,McAfee Corp-,Information Technology,USA,100.0
SLGN,Silgan Holdings Inc,Materials,USA,64.71
VMI,Valmont Inds Inc,Industrials,USA,88.24
NFE,New Fortress Energy LLC - Class A,Energy,USA,100.0
SAIC,Science Applications International,Industrials,USA,100.0
NCLH,Norwegian Cruise Line Holdings Ltd,Consumer Discretionary,USA,93.68
ICUI,ICU Medical Inc,Health Care,USA,100.0
AMED,Amedisys Inc,Health Care,USA,88.89
RARE,Ultragenyx Pharmaceutical Inc,Health Care,USA,96.15
HXL,Hexcel Corp,Industrials,USA,85.25
IONS,Ionis Pharmaceuticals Inc,Health Care,USA,66.67
UMPQ,Umpqua Holdings Corp,Financials,USA,80.77
PYCR,Paycor HCM Inc,Information Technology,USA,100.0
AWI,Armstrong World Industries Inc,Industrials,USA,79.31
GTES,Gates Industrial Corporation Plc,Industrials,USA,100.0
AZEK,The AZEK Company Inc- Class A,Industrials,USA,100.0
BHF,Brighthouse Financial,Financials,USA,28.57
HE,Hawaiian Electric Industries Inc,Utilities,USA,20.0
NEWR,New Relic Inc,Information Technology,USA,90.91
DV,"DoubleVerify Holdings, Inc-",Information Technology,USA,100.0
FNB,FNB Corp,Financials,USA,100.0
PINC,Premier Inc Class A,Health Care,USA,91.49
FL,Foot Locker Inc,Consumer Discretionary,USA,94.96
SEB,Seaboard Corp,Consumer Staples,USA,
ALSN,Allison Transmission Holdings Inc,Industrials,USA,90.16
FLS,Flowserve Corp,Industrials,USA,81.69
R,Ryder System Inc,Industrials,USA,96.15
MSP,Datto Holding Corp-,Information Technology,USA,100.0
MNDT,"Mandiant, Inc-",Information Technology,USA,0.0
MRVI,"Maravai LifeSciences Holdings, Inc",Health Care,USA,100.0
CHGG,Chegg Inc,Consumer Discretionary,USA,100.0
VNT,Vontier Corporation,Information Technology,USA,100.0
WOOF,"Petco Health and Wellness Company, Inc- - Class A",Consumer Discretionary,USA,91.67
NCNO,"nCino, Inc-",Information Technology,USA,100.0
HRB,H&R Block Inc,Consumer Discretionary,USA,80.0
HAYW,"Hayward Holdings, Inc-",Consumer Discretionary,USA,100.0
AVT,Avnet Inc,Information Technology,USA,73.33
BWXT,BWX Technologies Inc,Industrials,USA,88.24
LAZ,"Lazard, LTD-",Financials,USA,73.81
SAM,Boston Beer Inc Class A,Consumer Staples,USA,66.67
KEX,Kirby Corp,Industrials,USA,90.57
AGO,Assured Guaranty Ltd,Financials,USA,100.0
FRPT,Freshpet Inc,Consumer Staples,USA,88.89
XRX,Xerox Corp,Information Technology,USA,42.86
VIRT,Virtu Financial Inc Class A,Financials,USA,68.97
SIX,Six Flags Entertainment Corp,Consumer Discretionary,USA,94.44
JAMF,Jamf Holding Corp-,Information Technology,USA,100.0
LESL,"Leslies, Inc-",Consumer Discretionary,USA,100.0
OSH,"Oak Street Health, Inc-",Health Care,USA,100.0
SABR,Sabre Corp,Information Technology,USA,86.49
SPB,Spectrum Brands Holdings Inc,Consumer Staples,USA,100.0
CERT,"Certara, Inc-",Health Care,USA,100.0
CRI,Carters Inc,Consumer Discretionary,USA,97.62
MSM,MSC Industrial Inc Class A,Industrials,USA,84.09
FHB,First Hawaiian Inc,Financials,USA,62.5
QDEL,Quidel Corp,Health Care,USA,92.31
SWCH,"Switch, Inc- Class A",Information Technology,USA,97.62
TRIP,TripAdvisor Inc,Communication Services,USA,76.84
CNM,"Core & Main, Inc-",Industrials,USA,100.0
AYX,Alteryx Inc Class A,Information Technology,USA,98.48
ADS,Alliance Data Systems Corp,Information Technology,USA,89.53
MSGS,Madison Square Garden Sports Corp- Class A,Communication Services,USA,100.0
BOH,Bank Of Hawaii Corp-,Financials,USA,41.67
KD,"Kyndryl Holdings, Inc-",Information Technology,USA,
JWN,Nordstrom Inc,Consumer Discretionary,USA,70.21
HAIN,Hain Celestial Group Inc,Consumer Staples,USA,93.65
NEU,Newmarket Corp,Materials,USA,50.0
VSAT,Viasat Inc,Information Technology,USA,69.44
LZ,"LegalZoom-com, Inc-",Industrials,USA,100.0
WTM,White Mountains Insurance Group Ltd,Financials,USA,
CVAC,CureVac N-V-,Health Care,Germany,50.0
KMPR,Kemper Corp,Financials,USA,100.0
DSEY,"Diversey Holdings, Ltd-",Materials,USA,100.0
MRCY,Mercury Systems Inc,Industrials,USA,90.0
DCT,Duck Creek Technologies,Information Technology,USA,100.0
TSP,TuSimple Holdings Inc-,Industrials,USA,100.0
MCY,Mercury General Corp,Financials,USA,33.33
CPA,Copa Holdings SA Class A,Industrials,USA,89.74
STNE,Stoneco Ltd- - Class A,Information Technology,Brazil,94.44
FTDR,Frontdoor Inc,Consumer Discretionary,USA,100.0
LOPE,Grand Canyon Education Inc,Consumer Discretionary,USA,100.0
FOUR,"Shift4 Payments, Inc- Class A",Information Technology,USA,91.67
GO,Grocery Outlet Holding Corp-,Consumer Staples,USA,100.0
FIGS,"FIGS, Inc-",Health Care,USA,100.0
QRTEA,"Qurate Retail, Inc- Series A",Consumer Discretionary,USA,75.0
OLLI,Ollies Bargain Outlet Holdings Inc,Consumer Discretionary,USA,88.24
WWE,World Wrestling Entertainment Inc,Communication Services,USA,96.67
IOVA,Iovance Biotherapeutics Inc,Health Care,USA,100.0
SNDR,Schneider National Inc Class B,Industrials,USA,92.45
SPCE,"Virgin Galactic Holdings, Inc-",Industrials,USA,84.21
AI,"C3-ai, Inc- Class A",Information Technology,USA,71.43
FSLY,"Fastly, Inc- Class A",Information Technology,USA,80.95
SGFY,"Signify Health, Inc-",Health Care,USA,100.0
SWI,Solarwinds Corporation,Information Technology,USA,
DH,Definitive Healthcare Corp-,Health Care,USA,100.0
NABL,"N-able, Inc-",Information Technology,USA,100.0
ADPT,Adaptive Biotechnologies Corporation,Health Care,USA,95.45
COMM,Commscope Holding Inc,Information Technology,USA,98.72
VMEO,"Vimeo, Inc-",Communication Services,USA,100.0
SAGE,Sage Therapeutics Inc,Health Care,USA,94.44
NKTR,Nektar Therapeutics,Health Care,USA,90.0
EVBG,Everbridge Inc,Information Technology,USA,97.06
LMND,"Lemonade, Inc-",Financials,USA,75.0
SLVM,Sylvamo Corporation,Materials,USA,50.0
RKT,"Rocket Companies, Inc- Class A",Financials,USA,70.0
BYND,"Beyond Meat, Inc-",Consumer Staples,USA,40.43
SKLZ,Skillz Inc- Class A,Communication Services,USA,100.0
SHLS,"Shoals Technologies Group, Inc-",Industrials,USA,100.0
VRM,"Vroom, Inc-",Consumer Discretionary,USA,100.0
FLNC,"Fluence Energy, Inc-",Industrials,USA,100.0
LYLT,Loyalty Ventures Inc-,Communication Services,USA,
PSFE,Paysafe Limited,Information Technology,Bermuda,100.0
UWMC,UWM Holdings Corporation Class A,Financials,USA,100.0
GOCO,"GoHealth, Inc- - Class A",Financials,USA,80.0
PANL,Pangaea Logistics Solutions Ltd,Industrials,USA,80.0
VIAC,ViacomCBS Inc- - Class B,Communication Services,USA,72.73
